i,Ebeam,x,y,z,Q2,pT,obs,value,stat,systrel,systabs,target,hadron,Experiment,Dependence
0,27.6,0.111000,0.475000,0.391000,2.731000,0.113000,AUT,0.012800,0.027000,0.000000,0.016900,proton,pi0,hermes,PT
1,27.6,0.103000,0.517000,0.384000,2.649000,0.212000,AUT,0.066700,0.027300,0.000000,0.016300,proton,pi0,hermes,PT
2,27.6,0.095000,0.553000,0.381000,2.553000,0.290000,AUT,0.062500,0.026100,0.000000,0.015800,proton,pi0,hermes,PT
3,27.6,0.087000,0.587000,0.381000,2.456000,0.369000,AUT,0.057500,0.024900,0.000000,0.015300,proton,pi0,hermes,PT
